entity_code,entity_label,entity_value,glchangetime
E001,Example Alpha,100,20250101080000.000000000
E002,Example Beta,250,20250115093000.000000000
E003,Example Gamma,75,20250220101500.000000000
