prueflos,vcode,vmenge,vdatum,glchangetime
100000001,A,100,20250325,20250325093000.000000000
100000002,A,60,20250430,20250430093000.000000000
100000003,R,0,20260120,20260120093000.000000000
100000004,A,150,20251205,20251205093000.000000000
100000005,A,120,20260228,20260228093000.000000000
100000006,R,0,20260314,20260314093000.000000000
100000007,A,100,20250319,20250319093000.000000000
100000008,A,60,20250423,20250423093000.000000000
