codegruppe,code,kurztext,glchangetime
DIM,D100,Hors cote longueur,20240101080000.000000000
VIS,D200,Defaut couture,20240101080000.000000000
VIS,D210,Rayure cuir,20240101080000.000000000
VIS,D220,Defaut couleur,20240101080000.000000000
FUN,D300,Fermeture defectueuse,20240101080000.000000000
