qmnum,prueflos,aufnr,qmart,erdat,glchangetime
N0001,100000003,1000000003,Q2,20260119,20260119093000.000000000
N0002,100000006,1000000011,Q2,20260313,20260313093000.000000000
N0003,100000001,1000000001,Q2,20250324,20250324093000.000000000
