prueflos,matnr,werks,losmenge,art,entstehdat,aufnr,glchangetime
100000001,MAT-BAG-01,FR01,100,04,20250320,1000000001,20250320093000.000000000
100000002,MAT-BAG-02,FR01,60,04,20250425,1000000002,20250425093000.000000000
100000003,MAT-BAG-01,FR01,200,04,20260115,1000000003,20260115093000.000000000
100000004,MAT-WALLET-01,TN01,150,04,20251201,1000000004,20251201093000.000000000
100000005,MAT-BAG-01,FR01,120,04,20260225,1000000010,20260225093000.000000000
100000006,MAT-WALLET-01,TN01,90,04,20260310,1000000011,20260310093000.000000000
100000007,MAT-BAG-01,FR01,100,03,20250318,1000000001,20250318093000.000000000
100000008,MAT-BAG-02,FR01,60,03,20250422,1000000002,20250422093000.000000000
