qmnum,fenum,fecod,fegrp,anzfehler,glchangetime
N0001,1,D100,DIM,12,20260119093000.000000000
N0001,2,D210,VIS,5,20260119093000.000000000
N0002,1,D220,VIS,8,20260313093000.000000000
N0002,2,D210,VIS,3,20260313093000.000000000
N0003,1,D200,VIS,2,20250324093000.000000000
